Id,TimeBefore,TimeAfter,CanPause,MaxPauseTime,PauseCount
0,0.040699289,0.368525913,True,0.029790884,19
1,0.974222528,0.613738589,False,0.558925704,1
2,0.328414984,0.058583152,False,0.474766946,52
3,0.209342639,0.115194847,True,0.657007103,74
4,0.106938099,0.304483917,True,0.926789415,81
5,0.613493269,0.599605024,False,0.955308361,82
