Machine,Operation,Time
0,0,0.546625209
0,1,0.459803706
0,2,0.735129768
0,3,0.816228765
0,4,0.220908176
0,5,0.152216404
1,0,0.822856916
1,1,0.238082348
1,2,0.492998284
1,3,0.722526582
1,4,0.798543065
1,5,0.845781121
